{
  "A_id": 4,
  "Size": 1.36421682,
  "Weight": -1.296611877,
  "Sweetness": -0.384658206,
  "Crunchiness": -0.55300577,
  "Juiciness": 3.030874354,
  "Ripeness": -1.303849429,
  "Acidity": 0.501984036
}
